loss,mse,val_loss,val_mse
0.9563426375389099,0.9563426375389099,0.8363549113273621,0.8363549113273621
